task_id;group;row_count;participant_count;task_count;group_count;TTU_total;TTU_average;DOU_total;DOU_average;TTU_count;TTU_participant_totals;DOU_count;DOU_participant_totals
1;Dynamic sketch construction;7;7;1;1;224;32.0;7.0;1.0;7;"[[""D"", ""p03"", 28.0], [""D"", ""p04"", 26.0], [""D"", ""p05"", 32.0], [""D"", ""p06"", 64.0], [""D"", ""p07"", 24.0], [""D"", ""p20"", 24.0], [""D"", ""p38"", 26.0]]";7;"[[""D"", ""p03"", 1.0], [""D"", ""p04"", 1.0], [""D"", ""p05"", 1.0], [""D"", ""p06"", 1.0], [""D"", ""p07"", 1.0], [""D"", ""p20"", 1.0], [""D"", ""p38"", 1.0]]"
1;Formula construction;7;7;1;1;228;32.57142857142857;6.2;0.8857142857142858;7;"[[""F"", ""p01"", 17.0], [""F"", ""p21"", 33.0], [""F"", ""p26"", 92.0], [""F"", ""p27"", 21.0], [""F"", ""p31"", 23.0], [""F"", ""p33"", 28.0], [""F"", ""p34"", 14.0]]";7;"[[""F"", ""p01"", 1.0], [""F"", ""p21"", 1.0], [""F"", ""p26"", 0.6], [""F"", ""p27"", 1.0], [""F"", ""p31"", 0.6], [""F"", ""p33"", 1.0], [""F"", ""p34"", 1.0]]"
1;Static sketch construction;7;7;1;1;180;25.714285714285715;7.0;1.0;7;"[[""S"", ""p02"", 31.0], [""S"", ""p09"", 14.0], [""S"", ""p11"", 10.0], [""S"", ""p14"", 13.0], [""S"", ""p15"", 60.0], [""S"", ""p28"", 28.0], [""S"", ""p30"", 24.0]]";7;"[[""S"", ""p02"", 1.0], [""S"", ""p09"", 1.0], [""S"", ""p11"", 1.0], [""S"", ""p14"", 1.0], [""S"", ""p15"", 1.0], [""S"", ""p28"", 1.0], [""S"", ""p30"", 1.0]]"
10;Dynamic sketch construction;7;7;1;1;279;39.857142857142854;6.625;0.9464285714285714;7;"[[""D"", ""p03"", 40.0], [""D"", ""p04"", 40.0], [""D"", ""p05"", 40.0], [""D"", ""p06"", 33.0], [""D"", ""p07"", 61.0], [""D"", ""p20"", 22.0], [""D"", ""p38"", 43.0]]";7;"[[""D"", ""p03"", 1.0], [""D"", ""p04"", 0.875], [""D"", ""p05"", 0.875], [""D"", ""p06"", 1.0], [""D"", ""p07"", 1.0], [""D"", ""p20"", 0.875], [""D"", ""p38"", 1.0]]"
10;Formula construction;7;7;1;1;418;59.714285714285715;5.875;0.8392857142857143;7;"[[""F"", ""p01"", 76.0], [""F"", ""p21"", 64.0], [""F"", ""p26"", 25.0], [""F"", ""p27"", 32.0], [""F"", ""p31"", 165.0], [""F"", ""p33"", 17.0], [""F"", ""p34"", 39.0]]";7;"[[""F"", ""p01"", 0.5], [""F"", ""p21"", 0.875], [""F"", ""p26"", 1.0], [""F"", ""p27"", 1.0], [""F"", ""p31"", 0.625], [""F"", ""p33"", 0.875], [""F"", ""p34"", 1.0]]"
10;Static sketch construction;7;7;1;1;433;61.857142857142854;5.75;0.8214285714285714;7;"[[""S"", ""p02"", 88.0], [""S"", ""p09"", 26.0], [""S"", ""p11"", 29.0], [""S"", ""p14"", 122.0], [""S"", ""p15"", 125.0], [""S"", ""p28"", 30.0], [""S"", ""p30"", 13.0]]";7;"[[""S"", ""p02"", 0.375], [""S"", ""p09"", 0.875], [""S"", ""p11"", 1.0], [""S"", ""p14"", 0.75], [""S"", ""p15"", 0.875], [""S"", ""p28"", 0.875], [""S"", ""p30"", 1.0]]"
11;Dynamic sketch construction;7;7;1;1;232;33.142857142857146;7.0;1.0;7;"[[""D"", ""p03"", 27.0], [""D"", ""p04"", 32.0], [""D"", ""p05"", 45.0], [""D"", ""p06"", 37.0], [""D"", ""p07"", 36.0], [""D"", ""p20"", 21.0], [""D"", ""p38"", 34.0]]";7;"[[""D"", ""p03"", 1.0], [""D"", ""p04"", 1.0], [""D"", ""p05"", 1.0], [""D"", ""p06"", 1.0], [""D"", ""p07"", 1.0], [""D"", ""p20"", 1.0], [""D"", ""p38"", 1.0]]"
11;Formula construction;7;7;1;1;246;35.142857142857146;7.0;1.0;7;"[[""F"", ""p01"", 26.0], [""F"", ""p21"", 25.0], [""F"", ""p26"", 16.0], [""F"", ""p27"", 110.0], [""F"", ""p31"", 32.0], [""F"", ""p33"", 9.0], [""F"", ""p34"", 28.0]]";7;"[[""F"", ""p01"", 1.0], [""F"", ""p21"", 1.0], [""F"", ""p26"", 1.0], [""F"", ""p27"", 1.0], [""F"", ""p31"", 1.0], [""F"", ""p33"", 1.0], [""F"", ""p34"", 1.0]]"
11;Static sketch construction;7;7;1;1;229;32.714285714285715;7.0;1.0;7;"[[""S"", ""p02"", 38.0], [""S"", ""p09"", 29.0], [""S"", ""p11"", 26.0], [""S"", ""p14"", 53.0], [""S"", ""p15"", 45.0], [""S"", ""p28"", 26.0], [""S"", ""p30"", 12.0]]";7;"[[""S"", ""p02"", 1.0], [""S"", ""p09"", 1.0], [""S"", ""p11"", 1.0], [""S"", ""p14"", 1.0], [""S"", ""p15"", 1.0], [""S"", ""p28"", 1.0], [""S"", ""p30"", 1.0]]"
12;Dynamic sketch construction;7;7;1;1;334;47.714285714285715;7.0;1.0;7;"[[""D"", ""p03"", 27.0], [""D"", ""p04"", 45.0], [""D"", ""p05"", 60.0], [""D"", ""p06"", 68.0], [""D"", ""p07"", 55.0], [""D"", ""p20"", 28.0], [""D"", ""p38"", 51.0]]";7;"[[""D"", ""p03"", 1.0], [""D"", ""p04"", 1.0], [""D"", ""p05"", 1.0], [""D"", ""p06"", 1.0], [""D"", ""p07"", 1.0], [""D"", ""p20"", 1.0], [""D"", ""p38"", 1.0]]"
12;Formula construction;7;7;1;1;425;60.714285714285715;7.0;1.0;7;"[[""F"", ""p01"", 46.0], [""F"", ""p21"", 52.0], [""F"", ""p26"", 74.0], [""F"", ""p27"", 50.0], [""F"", ""p31"", 91.0], [""F"", ""p33"", 18.0], [""F"", ""p34"", 94.0]]";7;"[[""F"", ""p01"", 1.0], [""F"", ""p21"", 1.0], [""F"", ""p26"", 1.0], [""F"", ""p27"", 1.0], [""F"", ""p31"", 1.0], [""F"", ""p33"", 1.0], [""F"", ""p34"", 1.0]]"
12;Static sketch construction;7;7;1;1;246;35.142857142857146;7.0;1.0;7;"[[""S"", ""p02"", 40.0], [""S"", ""p09"", 33.0], [""S"", ""p11"", 33.0], [""S"", ""p14"", 25.0], [""S"", ""p15"", 19.0], [""S"", ""p28"", 52.0], [""S"", ""p30"", 44.0]]";7;"[[""S"", ""p02"", 1.0], [""S"", ""p09"", 1.0], [""S"", ""p11"", 1.0], [""S"", ""p14"", 1.0], [""S"", ""p15"", 1.0], [""S"", ""p28"", 1.0], [""S"", ""p30"", 1.0]]"
13;Dynamic sketch construction;7;7;1;1;305;43.57142857142857;7.0;1.0;7;"[[""D"", ""p03"", 37.0], [""D"", ""p04"", 44.0], [""D"", ""p05"", 37.0], [""D"", ""p06"", 47.0], [""D"", ""p07"", 54.0], [""D"", ""p20"", 39.0], [""D"", ""p38"", 47.0]]";7;"[[""D"", ""p03"", 1.0], [""D"", ""p04"", 1.0], [""D"", ""p05"", 1.0], [""D"", ""p06"", 1.0], [""D"", ""p07"", 1.0], [""D"", ""p20"", 1.0], [""D"", ""p38"", 1.0]]"
13;Formula construction;7;7;1;1;259;37.0;6.833333333333333;0.9761904761904762;7;"[[""F"", ""p01"", 51.0], [""F"", ""p21"", 38.0], [""F"", ""p26"", 20.0], [""F"", ""p27"", 71.0], [""F"", ""p31"", 34.0], [""F"", ""p33"", 10.0], [""F"", ""p34"", 35.0]]";7;"[[""F"", ""p01"", 1.0], [""F"", ""p21"", 1.0], [""F"", ""p26"", 1.0], [""F"", ""p27"", 0.8333333333333334], [""F"", ""p31"", 1.0], [""F"", ""p33"", 1.0], [""F"", ""p34"", 1.0]]"
13;Static sketch construction;7;7;1;1;389;55.57142857142857;6.833333333333334;0.9761904761904763;7;"[[""S"", ""p02"", 52.0], [""S"", ""p09"", 132.0], [""S"", ""p11"", 46.0], [""S"", ""p14"", 36.0], [""S"", ""p15"", 76.0], [""S"", ""p28"", 22.0], [""S"", ""p30"", 25.0]]";7;"[[""S"", ""p02"", 1.0], [""S"", ""p09"", 1.0], [""S"", ""p11"", 0.8333333333333334], [""S"", ""p14"", 1.0], [""S"", ""p15"", 1.0], [""S"", ""p28"", 1.0], [""S"", ""p30"", 1.0]]"
14;Dynamic sketch construction;7;7;1;1;317;45.285714285714285;7.0;1.0;7;"[[""D"", ""p03"", 38.0], [""D"", ""p04"", 56.0], [""D"", ""p05"", 53.0], [""D"", ""p06"", 47.0], [""D"", ""p07"", 50.0], [""D"", ""p20"", 26.0], [""D"", ""p38"", 47.0]]";7;"[[""D"", ""p03"", 1.0], [""D"", ""p04"", 1.0], [""D"", ""p05"", 1.0], [""D"", ""p06"", 1.0], [""D"", ""p07"", 1.0], [""D"", ""p20"", 1.0], [""D"", ""p38"", 1.0]]"
14;Formula construction;7;7;1;1;770;110.0;5.0;0.7142857142857143;7;"[[""F"", ""p01"", 47.0], [""F"", ""p21"", 111.0], [""F"", ""p26"", 96.0], [""F"", ""p27"", 120.0], [""F"", ""p31"", 290.0], [""F"", ""p33"", 52.0], [""F"", ""p34"", 54.0]]";7;"[[""F"", ""p01"", 0.0], [""F"", ""p21"", 0.6], [""F"", ""p26"", 1.0], [""F"", ""p27"", 1.0], [""F"", ""p31"", 0.4], [""F"", ""p33"", 1.0], [""F"", ""p34"", 1.0]]"
14;Static sketch construction;7;7;1;1;471;67.28571428571429;6.8;0.9714285714285714;7;"[[""S"", ""p02"", 58.0], [""S"", ""p09"", 65.0], [""S"", ""p11"", 18.0], [""S"", ""p14"", 68.0], [""S"", ""p15"", 208.0], [""S"", ""p28"", 16.0], [""S"", ""p30"", 38.0]]";7;"[[""S"", ""p02"", 1.0], [""S"", ""p09"", 1.0], [""S"", ""p11"", 1.0], [""S"", ""p14"", 1.0], [""S"", ""p15"", 0.8], [""S"", ""p28"", 1.0], [""S"", ""p30"", 1.0]]"
15;Dynamic sketch construction;7;7;1;1;684;97.71428571428571;7.0;1.0;7;"[[""D"", ""p03"", 91.0], [""D"", ""p04"", 75.0], [""D"", ""p05"", 98.0], [""D"", ""p06"", 99.0], [""D"", ""p07"", 101.0], [""D"", ""p20"", 126.0], [""D"", ""p38"", 94.0]]";7;"[[""D"", ""p03"", 1.0], [""D"", ""p04"", 1.0], [""D"", ""p05"", 1.0], [""D"", ""p06"", 1.0], [""D"", ""p07"", 1.0], [""D"", ""p20"", 1.0], [""D"", ""p38"", 1.0]]"
15;Formula construction;7;7;1;1;666;95.14285714285714;3.6363636363636367;0.5194805194805195;7;"[[""F"", ""p01"", 50.0], [""F"", ""p21"", 91.0], [""F"", ""p26"", 90.0], [""F"", ""p27"", 96.0], [""F"", ""p31"", 92.0], [""F"", ""p33"", 71.0], [""F"", ""p34"", 176.0]]";7;"[[""F"", ""p01"", 0.0], [""F"", ""p21"", 0.5454545454545454], [""F"", ""p26"", 0.9090909090909092], [""F"", ""p27"", 0.5454545454545454], [""F"", ""p31"", 0.0909090909090909], [""F"", ""p33"", 0.9090909090909092], [""F"", ""p34"", 0.6363636363636364]]"
15;Static sketch construction;7;7;1;1;683;97.57142857142857;6.363636363636363;0.9090909090909091;7;"[[""S"", ""p02"", 226.0], [""S"", ""p09"", 76.0], [""S"", ""p11"", 87.0], [""S"", ""p14"", 74.0], [""S"", ""p15"", 129.0], [""S"", ""p28"", 50.0], [""S"", ""p30"", 41.0]]";7;"[[""S"", ""p02"", 1.0], [""S"", ""p09"", 1.0], [""S"", ""p11"", 1.0], [""S"", ""p14"", 0.5454545454545454], [""S"", ""p15"", 0.8181818181818182], [""S"", ""p28"", 1.0], [""S"", ""p30"", 1.0]]"
16;Dynamic sketch construction;7;7;1;1;531;75.85714285714286;6.125;0.875;7;"[[""D"", ""p03"", 42.0], [""D"", ""p04"", 65.0], [""D"", ""p05"", 50.0], [""D"", ""p06"", 134.0], [""D"", ""p07"", 123.0], [""D"", ""p20"", 76.0], [""D"", ""p38"", 41.0]]";7;"[[""D"", ""p03"", 0.875], [""D"", ""p04"", 0.875], [""D"", ""p05"", 0.875], [""D"", ""p06"", 0.875], [""D"", ""p07"", 0.875], [""D"", ""p20"", 0.875], [""D"", ""p38"", 0.875]]"
16;Formula construction;7;7;1;1;389;55.57142857142857;5.875;0.8392857142857143;7;"[[""F"", ""p01"", 86.0], [""F"", ""p21"", 43.0], [""F"", ""p26"", 29.0], [""F"", ""p27"", 71.0], [""F"", ""p31"", 69.0], [""F"", ""p33"", 45.0], [""F"", ""p34"", 46.0]]";7;"[[""F"", ""p01"", 0.875], [""F"", ""p21"", 0.75], [""F"", ""p26"", 0.75], [""F"", ""p27"", 1.0], [""F"", ""p31"", 0.875], [""F"", ""p33"", 0.75], [""F"", ""p34"", 0.875]]"
16;Static sketch construction;7;7;1;1;265;37.857142857142854;5.375;0.7678571428571429;7;"[[""S"", ""p02"", 58.0], [""S"", ""p09"", 18.0], [""S"", ""p11"", 22.0], [""S"", ""p14"", 78.0], [""S"", ""p15"", 40.0], [""S"", ""p28"", 32.0], [""S"", ""p30"", 17.0]]";7;"[[""S"", ""p02"", 0.875], [""S"", ""p09"", 0.75], [""S"", ""p11"", 0.625], [""S"", ""p14"", 0.625], [""S"", ""p15"", 0.75], [""S"", ""p28"", 0.875], [""S"", ""p30"", 0.875]]"
17;Dynamic sketch construction;7;7;1;1;417;59.57142857142857;5.857142857142857;0.8367346938775511;7;"[[""D"", ""p03"", 63.0], [""D"", ""p04"", 41.0], [""D"", ""p05"", 63.0], [""D"", ""p06"", 48.0], [""D"", ""p07"", 70.0], [""D"", ""p20"", 37.0], [""D"", ""p38"", 95.0]]";7;"[[""D"", ""p03"", 1.0], [""D"", ""p04"", 1.0], [""D"", ""p05"", 1.0], [""D"", ""p06"", 1.0], [""D"", ""p07"", 0.0], [""D"", ""p20"", 1.0], [""D"", ""p38"", 0.8571428571428571]]"
17;Formula construction;7;7;1;1;546;78.0;6.142857142857143;0.8775510204081632;7;"[[""F"", ""p01"", 100.0], [""F"", ""p21"", 69.0], [""F"", ""p26"", 24.0], [""F"", ""p27"", 28.0], [""F"", ""p31"", 245.0], [""F"", ""p33"", 46.0], [""F"", ""p34"", 34.0]]";7;"[[""F"", ""p01"", 1.0], [""F"", ""p21"", 0.4285714285714285], [""F"", ""p26"", 1.0], [""F"", ""p27"", 1.0], [""F"", ""p31"", 0.8571428571428571], [""F"", ""p33"", 0.8571428571428571], [""F"", ""p34"", 1.0]]"
17;Static sketch construction;7;7;1;1;450;64.28571428571429;6.142857142857142;0.8775510204081632;7;"[[""S"", ""p02"", 22.0], [""S"", ""p09"", 92.0], [""S"", ""p11"", 39.0], [""S"", ""p14"", 162.0], [""S"", ""p15"", 94.0], [""S"", ""p28"", 28.0], [""S"", ""p30"", 13.0]]";7;"[[""S"", ""p02"", 1.0], [""S"", ""p09"", 1.0], [""S"", ""p11"", 1.0], [""S"", ""p14"", 0.5714285714285714], [""S"", ""p15"", 0.8571428571428571], [""S"", ""p28"", 0.7142857142857143], [""S"", ""p30"", 1.0]]"
2;Dynamic sketch construction;7;7;1;1;158;22.571428571428573;6.75;0.9642857142857143;7;"[[""D"", ""p03"", 19.0], [""D"", ""p04"", 22.0], [""D"", ""p05"", 33.0], [""D"", ""p06"", 31.0], [""D"", ""p07"", 21.0], [""D"", ""p20"", 14.0], [""D"", ""p38"", 18.0]]";7;"[[""D"", ""p03"", 1.0], [""D"", ""p04"", 1.0], [""D"", ""p05"", 1.0], [""D"", ""p06"", 1.0], [""D"", ""p07"", 1.0], [""D"", ""p20"", 0.75], [""D"", ""p38"", 1.0]]"
2;Formula construction;7;7;1;1;131;18.714285714285715;7.0;1.0;7;"[[""F"", ""p01"", 26.0], [""F"", ""p21"", 27.0], [""F"", ""p26"", 14.0], [""F"", ""p27"", 15.0], [""F"", ""p31"", 16.0], [""F"", ""p33"", 18.0], [""F"", ""p34"", 15.0]]";7;"[[""F"", ""p01"", 1.0], [""F"", ""p21"", 1.0], [""F"", ""p26"", 1.0], [""F"", ""p27"", 1.0], [""F"", ""p31"", 1.0], [""F"", ""p33"", 1.0], [""F"", ""p34"", 1.0]]"
2;Static sketch construction;7;7;1;1;98;14.0;7.0;1.0;7;"[[""S"", ""p02"", 18.0], [""S"", ""p09"", 25.0], [""S"", ""p11"", 8.0], [""S"", ""p14"", 9.0], [""S"", ""p15"", 8.0], [""S"", ""p28"", 16.0], [""S"", ""p30"", 14.0]]";7;"[[""S"", ""p02"", 1.0], [""S"", ""p09"", 1.0], [""S"", ""p11"", 1.0], [""S"", ""p14"", 1.0], [""S"", ""p15"", 1.0], [""S"", ""p28"", 1.0], [""S"", ""p30"", 1.0]]"
3;Dynamic sketch construction;7;7;1;1;190;27.142857142857142;7.0;1.0;7;"[[""D"", ""p03"", 17.0], [""D"", ""p04"", 21.0], [""D"", ""p05"", 23.0], [""D"", ""p06"", 32.0], [""D"", ""p07"", 27.0], [""D"", ""p20"", 48.0], [""D"", ""p38"", 22.0]]";7;"[[""D"", ""p03"", 1.0], [""D"", ""p04"", 1.0], [""D"", ""p05"", 1.0], [""D"", ""p06"", 1.0], [""D"", ""p07"", 1.0], [""D"", ""p20"", 1.0], [""D"", ""p38"", 1.0]]"
3;Formula construction;7;7;1;1;225;32.142857142857146;6.8;0.9714285714285714;7;"[[""F"", ""p01"", 64.0], [""F"", ""p21"", 84.0], [""F"", ""p26"", 7.0], [""F"", ""p27"", 27.0], [""F"", ""p31"", 21.0], [""F"", ""p33"", 10.0], [""F"", ""p34"", 12.0]]";7;"[[""F"", ""p01"", 1.0], [""F"", ""p21"", 0.8], [""F"", ""p26"", 1.0], [""F"", ""p27"", 1.0], [""F"", ""p31"", 1.0], [""F"", ""p33"", 1.0], [""F"", ""p34"", 1.0]]"
3;Static sketch construction;7;7;1;1;108;15.428571428571429;7.0;1.0;7;"[[""S"", ""p02"", 10.0], [""S"", ""p09"", 23.0], [""S"", ""p11"", 10.0], [""S"", ""p14"", 13.0], [""S"", ""p15"", 21.0], [""S"", ""p28"", 18.0], [""S"", ""p30"", 13.0]]";7;"[[""S"", ""p02"", 1.0], [""S"", ""p09"", 1.0], [""S"", ""p11"", 1.0], [""S"", ""p14"", 1.0], [""S"", ""p15"", 1.0], [""S"", ""p28"", 1.0], [""S"", ""p30"", 1.0]]"
4;Dynamic sketch construction;7;7;1;1;204;29.142857142857142;7.0;1.0;7;"[[""D"", ""p03"", 20.0], [""D"", ""p04"", 18.0], [""D"", ""p05"", 29.0], [""D"", ""p06"", 35.0], [""D"", ""p07"", 35.0], [""D"", ""p20"", 29.0], [""D"", ""p38"", 38.0]]";7;"[[""D"", ""p03"", 1.0], [""D"", ""p04"", 1.0], [""D"", ""p05"", 1.0], [""D"", ""p06"", 1.0], [""D"", ""p07"", 1.0], [""D"", ""p20"", 1.0], [""D"", ""p38"", 1.0]]"
4;Formula construction;7;7;1;1;215;30.714285714285715;7.0;1.0;7;"[[""F"", ""p01"", 52.0], [""F"", ""p21"", 35.0], [""F"", ""p26"", 20.0], [""F"", ""p27"", 37.0], [""F"", ""p31"", 20.0], [""F"", ""p33"", 11.0], [""F"", ""p34"", 40.0]]";7;"[[""F"", ""p01"", 1.0], [""F"", ""p21"", 1.0], [""F"", ""p26"", 1.0], [""F"", ""p27"", 1.0], [""F"", ""p31"", 1.0], [""F"", ""p33"", 1.0], [""F"", ""p34"", 1.0]]"
4;Static sketch construction;7;7;1;1;138;19.714285714285715;7.0;1.0;7;"[[""S"", ""p02"", 18.0], [""S"", ""p09"", 40.0], [""S"", ""p11"", 9.0], [""S"", ""p14"", 23.0], [""S"", ""p15"", 14.0], [""S"", ""p28"", 19.0], [""S"", ""p30"", 15.0]]";7;"[[""S"", ""p02"", 1.0], [""S"", ""p09"", 1.0], [""S"", ""p11"", 1.0], [""S"", ""p14"", 1.0], [""S"", ""p15"", 1.0], [""S"", ""p28"", 1.0], [""S"", ""p30"", 1.0]]"
5;Dynamic sketch construction;7;7;1;1;235;33.57142857142857;6.75;0.9642857142857143;7;"[[""D"", ""p03"", 22.0], [""D"", ""p04"", 23.0], [""D"", ""p05"", 74.0], [""D"", ""p06"", 33.0], [""D"", ""p07"", 32.0], [""D"", ""p20"", 26.0], [""D"", ""p38"", 25.0]]";7;"[[""D"", ""p03"", 1.0], [""D"", ""p04"", 1.0], [""D"", ""p05"", 1.0], [""D"", ""p06"", 1.0], [""D"", ""p07"", 1.0], [""D"", ""p20"", 1.0], [""D"", ""p38"", 0.75]]"
5;Formula construction;7;7;1;1;237;33.857142857142854;6.25;0.8928571428571429;7;"[[""F"", ""p01"", 51.0], [""F"", ""p21"", 47.0], [""F"", ""p26"", 11.0], [""F"", ""p27"", 30.0], [""F"", ""p31"", 70.0], [""F"", ""p33"", 7.0], [""F"", ""p34"", 21.0]]";7;"[[""F"", ""p01"", 1.0], [""F"", ""p21"", 1.0], [""F"", ""p26"", 1.0], [""F"", ""p27"", 1.0], [""F"", ""p31"", 0.25], [""F"", ""p33"", 1.0], [""F"", ""p34"", 1.0]]"
5;Static sketch construction;7;7;1;1;138;19.714285714285715;5.5;0.7857142857142857;7;"[[""S"", ""p02"", 46.0], [""S"", ""p09"", 9.0], [""S"", ""p11"", 9.0], [""S"", ""p14"", 14.0], [""S"", ""p15"", 15.0], [""S"", ""p28"", 27.0], [""S"", ""p30"", 18.0]]";7;"[[""S"", ""p02"", 1.0], [""S"", ""p09"", 1.0], [""S"", ""p11"", 1.0], [""S"", ""p14"", 0.25], [""S"", ""p15"", 0.25], [""S"", ""p28"", 1.0], [""S"", ""p30"", 1.0]]"
6;Dynamic sketch construction;7;7;1;1;235;33.57142857142857;5.8;0.8285714285714286;7;"[[""D"", ""p03"", 16.0], [""D"", ""p04"", 23.0], [""D"", ""p05"", 44.0], [""D"", ""p06"", 27.0], [""D"", ""p07"", 33.0], [""D"", ""p20"", 66.0], [""D"", ""p38"", 26.0]]";7;"[[""D"", ""p03"", 0.8], [""D"", ""p04"", 0.8], [""D"", ""p05"", 1.0], [""D"", ""p06"", 0.8], [""D"", ""p07"", 0.8], [""D"", ""p20"", 0.8], [""D"", ""p38"", 0.8]]"
6;Formula construction;7;7;1;1;325;46.42857142857143;6.6;0.9428571428571428;7;"[[""F"", ""p01"", 64.0], [""F"", ""p21"", 36.0], [""F"", ""p26"", 33.0], [""F"", ""p27"", 24.0], [""F"", ""p31"", 120.0], [""F"", ""p33"", 11.0], [""F"", ""p34"", 37.0]]";7;"[[""F"", ""p01"", 0.8], [""F"", ""p21"", 0.8], [""F"", ""p26"", 1.0], [""F"", ""p27"", 1.0], [""F"", ""p31"", 1.0], [""F"", ""p33"", 1.0], [""F"", ""p34"", 1.0]]"
6;Static sketch construction;7;7;1;1;194;27.714285714285715;6.0;0.8571428571428571;7;"[[""S"", ""p02"", 21.0], [""S"", ""p09"", 63.0], [""S"", ""p11"", 7.0], [""S"", ""p14"", 18.0], [""S"", ""p15"", 36.0], [""S"", ""p28"", 9.0], [""S"", ""p30"", 40.0]]";7;"[[""S"", ""p02"", 0.8], [""S"", ""p09"", 0.8], [""S"", ""p11"", 0.8], [""S"", ""p14"", 0.8], [""S"", ""p15"", 1.0], [""S"", ""p28"", 0.8], [""S"", ""p30"", 1.0]]"
7;Dynamic sketch construction;7;7;1;1;473;67.57142857142857;5.8888888888888875;0.8412698412698412;7;"[[""D"", ""p03"", 40.0], [""D"", ""p04"", 72.0], [""D"", ""p05"", 32.0], [""D"", ""p06"", 126.0], [""D"", ""p07"", 67.0], [""D"", ""p20"", 86.0], [""D"", ""p38"", 50.0]]";7;"[[""D"", ""p03"", 0.7777777777777778], [""D"", ""p04"", 0.8888888888888888], [""D"", ""p05"", 0.8888888888888888], [""D"", ""p06"", 0.8888888888888888], [""D"", ""p07"", 0.8888888888888888], [""D"", ""p20"", 0.7777777777777778], [""D"", ""p38"", 0.7777777777777778]]"
7;Formula construction;7;7;1;1;573;81.85714285714286;6.333333333333334;0.9047619047619048;7;"[[""F"", ""p01"", 99.0], [""F"", ""p21"", 85.0], [""F"", ""p26"", 36.0], [""F"", ""p27"", 90.0], [""F"", ""p31"", 150.0], [""F"", ""p33"", 23.0], [""F"", ""p34"", 90.0]]";7;"[[""F"", ""p01"", 0.8888888888888888], [""F"", ""p21"", 0.8888888888888888], [""F"", ""p26"", 1.0], [""F"", ""p27"", 0.8888888888888888], [""F"", ""p31"", 0.7777777777777778], [""F"", ""p33"", 1.0], [""F"", ""p34"", 0.8888888888888888]]"
7;Static sketch construction;7;7;1;1;631;90.14285714285714;4.111111111111111;0.5873015873015872;7;"[[""S"", ""p02"", 77.0], [""S"", ""p09"", 162.0], [""S"", ""p11"", 57.0], [""S"", ""p14"", 87.0], [""S"", ""p15"", 46.0], [""S"", ""p28"", 95.0], [""S"", ""p30"", 107.0]]";7;"[[""S"", ""p02"", 0.0], [""S"", ""p09"", 0.8888888888888888], [""S"", ""p11"", 0.0], [""S"", ""p14"", 0.6666666666666666], [""S"", ""p15"", 0.8888888888888888], [""S"", ""p28"", 0.6666666666666666], [""S"", ""p30"", 1.0]]"
8;Dynamic sketch construction;7;7;1;1;230;32.857142857142854;6.714285714285714;0.9591836734693878;7;"[[""D"", ""p03"", 39.0], [""D"", ""p04"", 8.0], [""D"", ""p05"", 27.0], [""D"", ""p06"", 70.0], [""D"", ""p07"", 30.0], [""D"", ""p20"", 7.0], [""D"", ""p38"", 49.0]]";7;"[[""D"", ""p03"", 1.0], [""D"", ""p04"", 1.0], [""D"", ""p05"", 0.8571428571428571], [""D"", ""p06"", 1.0], [""D"", ""p07"", 0.8571428571428571], [""D"", ""p20"", 1.0], [""D"", ""p38"", 1.0]]"
8;Formula construction;7;7;1;1;243;34.714285714285715;6.428571428571429;0.9183673469387755;7;"[[""F"", ""p01"", 49.0], [""F"", ""p21"", 53.0], [""F"", ""p26"", 24.0], [""F"", ""p27"", 41.0], [""F"", ""p31"", 25.0], [""F"", ""p33"", 13.0], [""F"", ""p34"", 38.0]]";7;"[[""F"", ""p01"", 1.0], [""F"", ""p21"", 1.0], [""F"", ""p26"", 1.0], [""F"", ""p27"", 0.4285714285714285], [""F"", ""p31"", 1.0], [""F"", ""p33"", 1.0], [""F"", ""p34"", 1.0]]"
8;Static sketch construction;7;7;1;1;284;40.57142857142857;5.714285714285714;0.8163265306122449;7;"[[""S"", ""p02"", 58.0], [""S"", ""p09"", 112.0], [""S"", ""p11"", 14.0], [""S"", ""p14"", 21.0], [""S"", ""p15"", 34.0], [""S"", ""p28"", 26.0], [""S"", ""p30"", 19.0]]";7;"[[""S"", ""p02"", 1.0], [""S"", ""p09"", 0.7142857142857143], [""S"", ""p11"", 0.7142857142857143], [""S"", ""p14"", 0.7142857142857143], [""S"", ""p15"", 0.8571428571428571], [""S"", ""p28"", 0.8571428571428571], [""S"", ""p30"", 0.8571428571428571]]"
9;Dynamic sketch construction;7;7;1;1;356;50.857142857142854;6.428571428571428;0.9183673469387755;7;"[[""D"", ""p03"", 45.0], [""D"", ""p04"", 54.0], [""D"", ""p05"", 37.0], [""D"", ""p06"", 62.0], [""D"", ""p07"", 58.0], [""D"", ""p20"", 34.0], [""D"", ""p38"", 66.0]]";7;"[[""D"", ""p03"", 1.0], [""D"", ""p04"", 1.0], [""D"", ""p05"", 0.5714285714285714], [""D"", ""p06"", 1.0], [""D"", ""p07"", 1.0], [""D"", ""p20"", 1.0], [""D"", ""p38"", 0.8571428571428571]]"
9;Formula construction;7;7;1;1;385;55.0;4.857142857142857;0.6938775510204082;7;"[[""F"", ""p01"", 62.0], [""F"", ""p21"", 46.0], [""F"", ""p26"", 31.0], [""F"", ""p27"", 39.0], [""F"", ""p31"", 61.0], [""F"", ""p33"", 63.0], [""F"", ""p34"", 83.0]]";7;"[[""F"", ""p01"", 0.2857142857142857], [""F"", ""p21"", 1.0], [""F"", ""p26"", 1.0], [""F"", ""p27"", 0.2857142857142857], [""F"", ""p31"", 0.2857142857142857], [""F"", ""p33"", 1.0], [""F"", ""p34"", 1.0]]"
9;Static sketch construction;7;7;1;1;361;51.57142857142857;6.285714285714286;0.8979591836734694;7;"[[""S"", ""p02"", 40.0], [""S"", ""p09"", 21.0], [""S"", ""p11"", 21.0], [""S"", ""p14"", 51.0], [""S"", ""p15"", 64.0], [""S"", ""p28"", 43.0], [""S"", ""p30"", 121.0]]";7;"[[""S"", ""p02"", 1.0], [""S"", ""p09"", 1.0], [""S"", ""p11"", 1.0], [""S"", ""p14"", 0.5714285714285714], [""S"", ""p15"", 1.0], [""S"", ""p28"", 1.0], [""S"", ""p30"", 0.7142857142857143]]"
