stratum,outcome,group,n,median,q1,q3,mean,sd,CLD
Overall participant median,TTU,Dynamic sketch construction,7,40.0,38.5,45.0,40.857142857142854,6.8660656232559525,a
Overall participant median,TTU,Formula construction,7,39.0,31.5,49.0,41.142857142857146,17.199114041412823,a
Overall participant median,TTU,Static sketch construction,7,33.0,24.0,38.0,31.571428571428573,9.692903638868023,a
Overall participant median,DOU,Dynamic sketch construction,7,1.0,1.0,1.0,1.0,0.0,a
Overall participant median,DOU,Formula construction,7,1.0,1.0,1.0,0.9821428571428571,0.04724555912615341,a
Overall participant median,DOU,Static sketch construction,7,1.0,1.0,1.0,0.9714285714285714,0.07559289460184543,a
Task 1,TTU,Dynamic sketch construction,7,26.0,25.0,30.0,32.0,14.375905768565215,a
Task 1,TTU,Formula construction,7,23.0,19.0,30.5,32.57142857142857,26.97441468538377,a
Task 1,TTU,Static sketch construction,7,24.0,13.5,29.5,25.714285714285715,17.11446060805779,a
Task 1,DOU,Dynamic sketch construction,7,1.0,1.0,1.0,1.0,0.0,a
Task 1,DOU,Formula construction,7,1.0,0.8,1.0,0.8857142857142858,0.19518001458970663,ab
Task 1,DOU,Static sketch construction,7,1.0,1.0,1.0,1.0,0.0,b
Task 2,TTU,Dynamic sketch construction,7,21.0,18.5,26.5,22.571428571428573,6.948792289723033,a
Task 2,TTU,Formula construction,7,16.0,15.0,22.0,18.714285714285715,5.468524655221178,a
Task 2,TTU,Static sketch construction,7,14.0,8.5,17.0,14.0,6.298147875897061,a
Task 2,DOU,Dynamic sketch construction,7,1.0,1.0,1.0,0.9642857142857143,0.09449111825230681,ab
Task 2,DOU,Formula construction,7,1.0,1.0,1.0,1.0,0.0,a
Task 2,DOU,Static sketch construction,7,1.0,1.0,1.0,1.0,0.0,b
Task 3,TTU,Dynamic sketch construction,7,23.0,21.5,29.5,27.142857142857142,10.350983390135314,a
Task 3,TTU,Formula construction,7,21.0,11.0,45.5,32.142857142857146,29.95234309937801,a
Task 3,TTU,Static sketch construction,7,13.0,11.5,19.5,15.428571428571429,5.255382728122436,a
Task 3,DOU,Dynamic sketch construction,7,1.0,1.0,1.0,1.0,0.0,a
Task 3,DOU,Formula construction,7,1.0,1.0,1.0,0.9714285714285714,0.07559289460184544,ab
Task 3,DOU,Static sketch construction,7,1.0,1.0,1.0,1.0,0.0,b
Task 4,TTU,Dynamic sketch construction,7,29.0,24.5,35.0,29.142857142857142,7.690439333539869,a
Task 4,TTU,Formula construction,7,35.0,20.0,38.5,30.714285714285715,14.23275899365364,a
Task 4,TTU,Static sketch construction,7,18.0,14.5,21.0,19.714285714285715,9.961831921795069,a
Task 4,DOU,Dynamic sketch construction,7,1.0,1.0,1.0,1.0,0.0,a
Task 4,DOU,Formula construction,7,1.0,1.0,1.0,1.0,0.0,b
Task 4,DOU,Static sketch construction,7,1.0,1.0,1.0,1.0,0.0,c
Task 5,TTU,Dynamic sketch construction,7,26.0,24.0,32.5,33.57142857142857,18.319908504658194,a
Task 5,TTU,Formula construction,7,30.0,16.0,49.0,33.857142857142854,23.082667172784078,a
Task 5,TTU,Static sketch construction,7,15.0,11.5,22.5,19.714285714285715,13.11124562750473,a
Task 5,DOU,Dynamic sketch construction,7,1.0,1.0,1.0,0.9642857142857143,0.09449111825230681,a
Task 5,DOU,Formula construction,7,1.0,1.0,1.0,0.8928571428571429,0.2834733547569204,a
Task 5,DOU,Static sketch construction,7,1.0,0.625,1.0,0.7857142857142857,0.36596252735569995,a
Task 6,TTU,Dynamic sketch construction,7,27.0,24.5,38.5,33.57142857142857,16.74173570110681,a
Task 6,TTU,Formula construction,7,36.0,28.5,50.5,46.42857142857143,36.188659102252565,a
Task 6,TTU,Static sketch construction,7,21.0,13.5,38.0,27.714285714285715,19.930832778338573,a
Task 6,DOU,Dynamic sketch construction,7,0.8,0.8,0.8,0.8285714285714286,0.07559289460184544,a
Task 6,DOU,Formula construction,7,1.0,0.9,1.0,0.9428571428571428,0.0975900072948533,a
Task 6,DOU,Static sketch construction,7,0.8,0.8,0.9,0.8571428571428571,0.09759000729485329,a
Task 7,TTU,Dynamic sketch construction,7,67.0,45.0,79.0,67.57142857142857,31.905366021288344,a
Task 7,TTU,Formula construction,7,90.0,60.5,94.5,81.85714285714286,42.12453193183505,a
Task 7,TTU,Static sketch construction,7,87.0,67.0,101.0,90.14285714285714,38.080741289303404,a
Task 7,DOU,Dynamic sketch construction,7,0.8888888888888888,0.7777777777777778,0.8888888888888888,0.8412698412698412,0.05939138709164983,a
Task 7,DOU,Formula construction,7,0.8888888888888888,0.8888888888888888,0.9444444444444444,0.9047619047619048,0.07667395103803937,a
Task 7,DOU,Static sketch construction,7,0.6666666666666666,0.3333333333333333,0.8888888888888888,0.5873015873015872,0.4192600071038631,a
Task 8,TTU,Dynamic sketch construction,7,30.0,17.5,44.0,32.857142857142854,22.386220251370197,a
Task 8,TTU,Formula construction,7,38.0,24.5,45.0,34.714285714285715,14.54549512981351,a
Task 8,TTU,Static sketch construction,7,26.0,20.0,46.0,40.57142857142857,34.67879824358173,a
Task 8,DOU,Dynamic sketch construction,7,1.0,0.9285714285714286,1.0,0.9591836734693878,0.06970714806775238,a
Task 8,DOU,Formula construction,7,1.0,1.0,1.0,0.9183673469387755,0.21597969886241558,a
Task 8,DOU,Static sketch construction,7,0.8571428571428571,0.7142857142857143,0.8571428571428571,0.8163265306122449,0.10798984943120779,a
Task 9,TTU,Dynamic sketch construction,7,54.0,41.0,60.0,50.857142857142854,12.415428190072912,a
Task 9,TTU,Formula construction,7,61.0,42.5,62.5,55.0,17.540429489230497,a
Task 9,TTU,Static sketch construction,7,43.0,30.5,57.5,51.57142857142857,34.282440319873885,a
Task 9,DOU,Dynamic sketch construction,7,1.0,0.9285714285714286,1.0,0.9183673469387755,0.16198477414681167,a
Task 9,DOU,Formula construction,7,1.0,0.2857142857142857,1.0,0.6938775510204082,0.3818017741606063,a
Task 9,DOU,Static sketch construction,7,1.0,0.8571428571428572,1.0,0.8979591836734694,0.17908090586514533,a
Task 10,TTU,Dynamic sketch construction,7,40.0,36.5,41.5,39.857142857142854,11.710800875382398,a
Task 10,TTU,Formula construction,7,39.0,28.5,70.0,59.714285714285715,50.982723497652565,a
Task 10,TTU,Static sketch construction,7,30.0,27.5,105.0,61.857142857142854,48.39913419139014,a
Task 10,DOU,Dynamic sketch construction,7,1.0,0.875,1.0,0.9464285714285714,0.0668153104781061,a
Task 10,DOU,Formula construction,7,0.875,0.75,1.0,0.8392857142857143,0.20044593143431833,a
Task 10,DOU,Static sketch construction,7,0.875,0.8125,0.9375,0.8214285714285714,0.21478117324605614,a
Task 11,TTU,Dynamic sketch construction,7,34.0,29.5,36.5,33.142857142857146,7.646972634722219,a
Task 11,TTU,Formula construction,7,26.0,20.5,30.0,35.142857142857146,33.91375616387629,a
Task 11,TTU,Static sketch construction,7,29.0,26.0,41.5,32.714285714285715,13.683497185957078,a
Task 11,DOU,Dynamic sketch construction,7,1.0,1.0,1.0,1.0,0.0,a
Task 11,DOU,Formula construction,7,1.0,1.0,1.0,1.0,0.0,b
Task 11,DOU,Static sketch construction,7,1.0,1.0,1.0,1.0,0.0,c
Task 12,TTU,Dynamic sketch construction,7,51.0,36.5,57.5,47.714285714285715,15.553287816560262,a
Task 12,TTU,Formula construction,7,52.0,48.0,82.5,60.714285714285715,27.182802686712822,a
Task 12,TTU,Static sketch construction,7,33.0,29.0,42.0,35.142857142857146,11.246163366952771,a
Task 12,DOU,Dynamic sketch construction,7,1.0,1.0,1.0,1.0,0.0,a
Task 12,DOU,Formula construction,7,1.0,1.0,1.0,1.0,0.0,b
Task 12,DOU,Static sketch construction,7,1.0,1.0,1.0,1.0,0.0,c
Task 13,TTU,Dynamic sketch construction,7,44.0,38.0,47.0,43.57142857142857,6.320789582985733,a
Task 13,TTU,Formula construction,7,35.0,27.0,44.5,37.0,19.9332218503014,a
Task 13,TTU,Static sketch construction,7,46.0,30.5,64.0,55.57142857142857,38.31386669278345,a
Task 13,DOU,Dynamic sketch construction,7,1.0,1.0,1.0,1.0,0.0,a
Task 13,DOU,Formula construction,7,1.0,1.0,1.0,0.9761904761904763,0.0629940788348712,a
Task 13,DOU,Static sketch construction,7,1.0,1.0,1.0,0.9761904761904763,0.06299407883487122,a
Task 14,TTU,Dynamic sketch construction,7,47.0,42.5,51.5,45.285714285714285,10.22601723895616,a
Task 14,TTU,Formula construction,7,96.0,53.0,115.5,110.0,84.81941601622434,a
Task 14,TTU,Static sketch construction,7,58.0,28.0,66.5,67.28571428571429,65.58636617904233,a
Task 14,DOU,Dynamic sketch construction,7,1.0,1.0,1.0,1.0,0.0,a
Task 14,DOU,Formula construction,7,1.0,0.5,1.0,0.7142857142857143,0.397611918955202,a
Task 14,DOU,Static sketch construction,7,1.0,1.0,1.0,0.9714285714285714,0.07559289460184543,a
Task 15,TTU,Dynamic sketch construction,7,98.0,92.5,100.0,97.71428571428571,15.20651489454751,a
Task 15,TTU,Formula construction,7,91.0,80.5,94.0,95.14285714285714,39.185152678995536,a
Task 15,TTU,Static sketch construction,7,76.0,62.0,108.0,97.57142857142857,63.347868006369254,a
Task 15,DOU,Dynamic sketch construction,7,1.0,1.0,1.0,1.0,0.0,a
Task 15,DOU,Formula construction,7,0.5454545454545454,0.3181818181818181,0.7727272727272727,0.5194805194805195,0.3587331770631983,b
Task 15,DOU,Static sketch construction,7,1.0,0.9090909090909092,1.0,0.9090909090909091,0.17407765595569788,a
Task 16,TTU,Dynamic sketch construction,7,65.0,46.0,99.5,75.85714285714286,38.1900011845534,a
Task 16,TTU,Formula construction,7,46.0,44.0,78.5,364.14285714285717,822.5477551630723,a
Task 16,TTU,Static sketch construction,7,32.0,20.0,49.0,37.857142857142854,22.865028401677613,a
Task 16,DOU,Dynamic sketch construction,7,0.875,0.875,0.875,0.875,0.0,a
Task 16,DOU,Formula construction,7,0.875,0.75,0.875,0.8392857142857143,0.09449111825230681,a
Task 16,DOU,Static sketch construction,7,0.75,0.6875,0.875,0.7678571428571429,0.11246692635530466,a
Task 17,TTU,Dynamic sketch construction,7,63.0,44.5,66.5,59.57142857142857,19.898552232571618,a
Task 17,TTU,Formula construction,7,46.0,31.0,84.5,78.0,78.347516446492,a
Task 17,TTU,Static sketch construction,7,39.0,25.0,93.0,64.28571428571429,54.1193566287032,a
Task 17,DOU,Dynamic sketch construction,7,1.0,0.9285714285714286,1.0,0.836734693877551,0.37278663289306824,a
Task 17,DOU,Formula construction,7,1.0,0.8571428571428571,1.0,0.8775510204081632,0.20912144420325718,a
Task 17,DOU,Static sketch construction,7,1.0,0.7857142857142857,1.0,0.8775510204081632,0.17356939894113024,a
Aspect COMP,TTU,Dynamic sketch construction,7,35.0,28.0,37.5,34.142857142857146,7.448234050846581,a
Aspect COMP,TTU,Formula construction,7,37.0,29.0,42.5,34.857142857142854,12.928374110570019,a
Aspect COMP,TTU,Static sketch construction,7,26.0,23.5,34.5,28.0,8.888194417315589,a
Aspect COMP,DOU,Dynamic sketch construction,7,1.0,1.0,1.0,1.0,0.0,a
Aspect COMP,DOU,Formula construction,7,1.0,1.0,1.0,1.0,0.0,b
Aspect COMP,DOU,Static sketch construction,7,1.0,1.0,1.0,1.0,0.0,c
Aspect COND,TTU,Dynamic sketch construction,7,56.5,54.75,71.0,63.714285714285715,12.502856816401145,a
Aspect COND,TTU,Formula construction,7,51.5,44.0,73.75,74.14285714285714,60.25758201650802,a
Aspect COND,TTU,Static sketch construction,7,51.0,32.5,86.5,59.07142857142857,36.139116124854446,a
Aspect COND,DOU,Dynamic sketch construction,7,0.9375,0.9375,0.96875,0.9553571428571429,0.030496877279641673,a
Aspect COND,DOU,Formula construction,7,0.8660714285714286,0.7142857142857143,0.9460227272727273,0.8334879406307978,0.1406068372104609,a
Aspect COND,DOU,Static sketch construction,7,0.9375,0.8563311688311688,0.96875,0.8836966604823748,0.13936613011337826,a
Aspect LOOK,TTU,Dynamic sketch construction,7,65.0,50.0,87.5,69.0,24.00694344004112,a
Aspect LOOK,TTU,Formula construction,7,90.0,53.0,93.5,103.28571428571429,84.79527165613715,a
Aspect LOOK,TTU,Static sketch construction,7,58.0,35.0,69.5,59.714285714285715,35.817659916649525,a
Aspect LOOK,DOU,Dynamic sketch construction,7,1.0,1.0,1.0,1.0,0.0,a
Aspect LOOK,DOU,Formula construction,7,0.875,0.5,0.9090909090909092,0.6704545454545455,0.36330714263527375,b
Aspect LOOK,DOU,Static sketch construction,7,1.0,0.9,1.0,0.9178571428571428,0.14910446960820073,ab
Aspect CELL,TTU,Dynamic sketch construction,7,40.0,34.0,45.0,39.42857142857143,8.599557020706412,a
Aspect CELL,TTU,Formula construction,7,39.0,29.5,50.0,38.142857142857146,13.60672102833218,a
Aspect CELL,TTU,Static sketch construction,7,33.0,26.0,38.0,35.0,12.503332889007368,a
Aspect CELL,DOU,Dynamic sketch construction,7,1.0,1.0,1.0,1.0,0.0,a
Aspect CELL,DOU,Formula construction,7,1.0,1.0,1.0,1.0,0.0,b
Aspect CELL,DOU,Static sketch construction,7,1.0,1.0,1.0,1.0,0.0,c
Aspect RANGE,TTU,Dynamic sketch construction,7,44.0,40.0,47.5,43.285714285714285,5.6484300389366515,a
Aspect RANGE,TTU,Formula construction,7,39.0,33.5,54.5,51.142857142857146,32.860455319571024,a
Aspect RANGE,TTU,Static sketch construction,7,40.0,23.0,48.5,37.714285714285715,17.046155829729724,a
Aspect RANGE,DOU,Dynamic sketch construction,7,1.0,0.9444444444444444,1.0,0.963718820861678,0.06263595155071716,a
Aspect RANGE,DOU,Formula construction,7,1.0,0.8888888888888888,1.0,0.9478458049886621,0.06590283363790574,a
Aspect RANGE,DOU,Static sketch construction,7,1.0,0.8660714285714286,1.0,0.9141156462585034,0.12616881472406694,a
Aspect LIT,TTU,Dynamic sketch construction,7,39.5,34.25,45.75,40.214285714285715,7.702040545948105,a
Aspect LIT,TTU,Formula construction,7,38.5,30.5,57.75,43.42857142857143,20.75537796056035,a
Aspect LIT,TTU,Static sketch construction,7,47.5,24.75,62.0,45.214285714285715,24.82750011388102,a
Aspect LIT,DOU,Dynamic sketch construction,7,1.0,1.0,1.0,0.9910714285714286,0.023622779563076686,a
Aspect LIT,DOU,Formula construction,7,0.8375,0.7926136363636364,0.9772727272727273,0.8753246753246753,0.10721780960905353,a
Aspect LIT,DOU,Static sketch construction,7,0.9375,0.9017857142857143,1.0,0.9247448979591837,0.09819495790032026,a
Aspect FUNC,TTU,Dynamic sketch construction,7,48.0,42.0,58.0,50.714285714285715,11.36829341801553,a
Aspect FUNC,TTU,Formula construction,7,39.0,30.5,70.0,59.0,44.57203906785807,a
Aspect FUNC,TTU,Static sketch construction,7,46.0,29.5,60.5,46.0,21.54839514519198,a
Aspect FUNC,DOU,Dynamic sketch construction,7,0.8888888888888888,0.8819444444444444,1.0,0.9299886621315192,0.06634933970916809,a
Aspect FUNC,DOU,Formula construction,7,0.9090909090909092,0.8375,1.0,0.9088383838383839,0.09582892485302058,a
Aspect FUNC,DOU,Static sketch construction,7,0.875,0.8660714285714286,0.9444444444444444,0.8744331065759637,0.1253392258423175,a
Aspect VAL,TTU,Dynamic sketch construction,7,35.5,28.25,39.5,34.285714285714285,6.382640146373227,a
Aspect VAL,TTU,Formula construction,7,39.0,31.0,50.0,38.285714285714285,14.12107509734163,a
Aspect VAL,TTU,Static sketch construction,7,26.0,22.75,38.5,29.642857142857142,10.334869317486497,a
Aspect VAL,DOU,Dynamic sketch construction,7,1.0,1.0,1.0,1.0,0.0,a
Aspect VAL,DOU,Formula construction,7,1.0,1.0,1.0,1.0,0.0,b
Aspect VAL,DOU,Static sketch construction,7,1.0,1.0,1.0,1.0,0.0,c
Aspect BATCH,TTU,Dynamic sketch construction,7,54.0,41.0,60.0,50.857142857142854,12.415428190072912,a
Aspect BATCH,TTU,Formula construction,7,61.0,42.5,62.5,55.0,17.540429489230497,a
Aspect BATCH,TTU,Static sketch construction,7,43.0,30.5,57.5,51.57142857142857,34.282440319873885,a
Aspect BATCH,DOU,Dynamic sketch construction,7,1.0,0.9285714285714286,1.0,0.9183673469387755,0.16198477414681167,a
Aspect BATCH,DOU,Formula construction,7,1.0,0.2857142857142857,1.0,0.6938775510204082,0.3818017741606063,a
Aspect BATCH,DOU,Static sketch construction,7,1.0,0.8571428571428572,1.0,0.8979591836734694,0.17908090586514533,a
Aspect LIST,TTU,Dynamic sketch construction,7,56.5,54.75,79.5,67.71428571428571,18.57609831400094,a
Aspect LIST,TTU,Formula construction,7,49.5,42.75,74.5,221.07142857142858,448.4545153981086,a
Aspect LIST,TTU,Static sketch construction,7,40.0,30.25,61.0,51.07142857142857,34.90753091076071,a
Aspect LIST,DOU,Dynamic sketch construction,7,0.9375,0.9017857142857143,0.9375,0.8558673469387755,0.18639331644653412,a
Aspect LIST,DOU,Formula construction,7,0.875,0.8348214285714286,0.9375,0.8584183673469388,0.13436719557194673,a
Aspect LIST,DOU,Static sketch construction,7,0.8125,0.7991071428571429,0.90625,0.8227040816326531,0.11600599935057478,a
Aspect BACK,TTU,Dynamic sketch construction,7,34.5,28.25,37.75,33.642857142857146,5.899959644736886,a
Aspect BACK,TTU,Formula construction,7,36.0,30.0,47.0,36.57142857142857,13.15747117112736,a
Aspect BACK,TTU,Static sketch construction,7,26.5,22.25,33.75,28.071428571428573,8.946268176492044,a
Aspect BACK,DOU,Dynamic sketch construction,7,1.0,1.0,1.0,1.0,0.0,a
Aspect BACK,DOU,Formula construction,7,1.0,1.0,1.0,1.0,0.0,b
Aspect BACK,DOU,Static sketch construction,7,1.0,1.0,1.0,0.9857142857142858,0.03779644730092272,ab
Aspect FORWARD,TTU,Dynamic sketch construction,7,47.0,41.5,50.5,46.142857142857146,6.841748592978538,a
Aspect FORWARD,TTU,Formula construction,7,51.0,45.5,61.5,55.142857142857146,20.440389521961755,a
Aspect FORWARD,TTU,Static sketch construction,7,52.0,30.5,66.5,49.57142857142857,20.91934625219076,a
Aspect FORWARD,DOU,Dynamic sketch construction,7,1.0,1.0,1.0,1.0,0.0,a
Aspect FORWARD,DOU,Formula construction,7,1.0,0.9375,1.0,0.9464285714285714,0.0983494740586804,a
Aspect FORWARD,DOU,Static sketch construction,7,1.0,1.0,1.0,0.979591836734694,0.053994924715603916,a
Aspect ON,TTU,Dynamic sketch construction,7,35.5,28.75,38.25,34.142857142857146,5.814595756329394,a
Aspect ON,TTU,Formula construction,7,38.0,31.0,46.0,36.92857142857143,13.02698664129126,a
Aspect ON,TTU,Static sketch construction,7,26.5,21.25,32.75,27.428571428571427,8.762745818846641,a
Aspect ON,DOU,Dynamic sketch construction,7,1.0,1.0,1.0,1.0,0.0,a
Aspect ON,DOU,Formula construction,7,1.0,1.0,1.0,1.0,0.0,b
Aspect ON,DOU,Static sketch construction,7,1.0,1.0,1.0,0.9857142857142858,0.03779644730092272,ab
Aspect OFF,TTU,Dynamic sketch construction,7,45.0,41.5,47.0,44.714285714285715,5.618845839799182,a
Aspect OFF,TTU,Formula construction,7,35.0,27.0,44.0,40.42857142857143,27.68788629742342,a
Aspect OFF,TTU,Static sketch construction,7,52.0,36.0,64.5,50.57142857142857,20.735293124341915,a
Aspect OFF,DOU,Dynamic sketch construction,7,1.0,1.0,1.0,1.0,0.0,a
Aspect OFF,DOU,Formula construction,7,1.0,1.0,1.0,0.9761904761904763,0.0629940788348712,ab
Aspect OFF,DOU,Static sketch construction,7,1.0,1.0,1.0,1.0,0.0,b
Aspect CROSS,TTU,Dynamic sketch construction,7,47.5,41.0,51.75,46.0,8.66506395437064,a
Aspect CROSS,TTU,Formula construction,7,49.0,46.75,60.5,66.21428571428571,45.935513805458065,a
Aspect CROSS,TTU,Static sketch construction,7,46.0,33.75,65.25,50.57142857142857,23.159642648776938,a
Aspect CROSS,DOU,Dynamic sketch construction,7,1.0,1.0,1.0,1.0,0.0,a
Aspect CROSS,DOU,Formula construction,7,1.0,0.9642857142857143,1.0,0.9612244897959183,0.07591361260803695,a
Aspect CROSS,DOU,Static sketch construction,7,1.0,1.0,1.0,0.9897959183673469,0.02699746235780194,a
